{
  "logFileForTest/forTest.log": {
    "ATE/Project_2/generated_31_.log": 1,
    "ATE/Project_2/generated_120_.log": 1,
    "ATE/Project_2/generated_71_.log": 0.879394903078847,
    "ATE/Project_2/generated_79_.log": 0.8235367083711157,
    "ATE/Project_2/generated_57_.log": 0.8096523359689353,
    "ATE/Project_2/generated_13_.log": 0.7581135858593798,
    "ATE/Project_2/generated_37_.log": 0.7313931499338613,
    "ATE/Project_2/generated_18_.log": 0.7265865711411862,
    "ATE/Project_2/generated_5_.log": 0.5799538230151905,
    "ATE/Project_2/generated_63_.log": 0.5626711509056694,
    "ATE/Project_2/generated_72_.log": 0.5396543271993134,
    "ATE/Project_2/generated_38_.log": 0.4837690978170157,
    "ATE/Project_2/generated_58_.log": 0.4203415130548316,
    "ATE/Project_2/generated_118_.log": 0.4151761392155111,
    "ATE/Project_2/generated_33_.log": 0.40880733833016913,
    "ATE/Project_2/generated_109_.log": 0.405824805201366,
    "ATE/Project_2/generated_35_.log": 0.4002747717529831,
    "ATE/Project_2/generated_96_.log": 0.3929095063552571,
    "ATE/Project_2/generated_78_.log": 0.36034809041905125,
    "ATE/Project_2/generated_111_.log": 0.3470934511979935,
    "ATE/Project_2/generated_116_.log": 0.33171757857280726,
    "ATE/Project_2/generated_117_.log": 0.33144223633435743,
    "ATE/Project_2/generated_50_.log": 0.3199756543341723,
    "ATE/Project_2/generated_28_.log": 0.2953408312935949,
    "ATE/Project_2/generated_101_.log": 0.28057142127886214,
    "ATE/Project_2/generated_1_.log": 0.27755032682220726,
    "ATE/Project_2/generated_60_.log": 0.2707044331710988,
    "ATE/Project_2/generated_110_.log": 0.259160527674408,
    "ATE/Project_2/generated_59_.log": 0.24406233074202377,
    "ATE/Project_2/generated_86_.log": 0.23746123248801965,
    "ATE/Project_2/generated_21_.log": 0.19950186722152652,
    "ATE/Project_2/generated_45_.log": 0.19858461239866532,
    "ATE/Project_2/generated_100_.log": 0.17722475419129724,
    "ATE/Project_2/generated_42_.log": 0.17060375680978956,
    "ATE/Project_2/generated_93_.log": 0.16253181109641357,
    "ATE/Project_2/generated_97_.log": 0.15671641791044777,
    "ATE/Project_2/generated_61_.log": 0.15256289092391295,
    "ATE/Project_2/generated_83_.log": 0.14877865194807682,
    "ATE/Project_2/generated_56_.log": 0.1483948864662692,
    "ATE/Project_2/generated_113_.log": 0.14654472705563504,
    "ATE/Project_2/generated_55_.log": 0.13597431962020046,
    "ATE/Project_2/generated_29_.log": 0.13574382706256138,
    "ATE/Project_2/generated_23_.log": 0.1278344609921278,
    "ATE/Project_2/generated_52_.log": 0.12468866701345416,
    "ATE/Project_2/generated_16_.log": 0.10825452866312057,
    "ATE/Project_2/generated_92_.log": 0.10064960882353924,
    "ATE/Project_2/generated_51_.log": 0.09525321599634529,
    "ATE/Project_2/generated_114_.log": 0.0819537547062229,
    "ATE/Project_2/generated_84_.log": 0.0727397331030033,
    "ATE/Project_2/generated_49_.log": 0.07100954716532448,
    "ATE/Project_2/generated_103_.log": 0.06926356448094151,
    "ATE/Project_2/generated_11_.log": 0.06755985710348666,
    "ATE/Project_2/generated_95_.log": 0.06396263777976041,
    "ATE/Project_2/generated_91_.log": 0.06320518500422845,
    "ATE/Project_2/generated_9_.log": 0.05047730416864038,
    "ATE/Project_2/generated_82_.log": 0.03842051280883707,
    "ATE/Project_2/generated_94_.log": 0.03585301709111044,
    "ATE/Project_2/generated_108_.log": 0.02381330399908632,
    "ATE/Project_2/generated_47_.log": 0.02228436271188572,
    "ATE/Project_2/generated_2_.log": 0.0,
    "ATE/Project_2/generated_3_.log": 0.0,
    "ATE/Project_2/generated_4_.log": 0.0,
    "ATE/Project_2/generated_6_.log": 0.0,
    "ATE/Project_2/generated_7_.log": 0.0,
    "ATE/Project_2/generated_8_.log": 0.0,
    "ATE/Project_2/generated_10_.log": 0.0,
    "ATE/Project_2/generated_12_.log": 0.0,
    "ATE/Project_2/generated_14_.log": 0.0,
    "ATE/Project_2/generated_15_.log": 0.0,
    "ATE/Project_2/generated_17_.log": 0.0,
    "ATE/Project_2/generated_19_.log": 0.0,
    "ATE/Project_2/generated_20_.log": 0.0,
    "ATE/Project_2/generated_22_.log": 0.0,
    "ATE/Project_2/generated_24_.log": 0.0,
    "ATE/Project_2/generated_25_.log": 0.0,
    "ATE/Project_2/generated_26_.log": 0.0,
    "ATE/Project_2/generated_27_.log": 0.0,
    "ATE/Project_2/generated_30_.log": 0.0,
    "ATE/Project_2/generated_32_.log": 0.0,
    "ATE/Project_2/generated_34_.log": 0.0,
    "ATE/Project_2/generated_36_.log": 0.0,
    "ATE/Project_2/generated_39_.log": 0.0,
    "ATE/Project_2/generated_40_.log": 0.0,
    "ATE/Project_2/generated_41_.log": 0.0,
    "ATE/Project_2/generated_43_.log": 0.0,
    "ATE/Project_2/generated_44_.log": 0.0,
    "ATE/Project_2/generated_46_.log": 0.0,
    "ATE/Project_2/generated_48_.log": 0.0,
    "ATE/Project_2/generated_53_.log": 0.0,
    "ATE/Project_2/generated_54_.log": 0.0,
    "ATE/Project_2/generated_62_.log": 0.0,
    "ATE/Project_2/generated_64_.log": 0.0,
    "ATE/Project_2/generated_65_.log": 0.0,
    "ATE/Project_2/generated_66_.log": 0.0,
    "ATE/Project_2/generated_67_.log": 0.0,
    "ATE/Project_2/generated_68_.log": 0.0,
    "ATE/Project_2/generated_69_.log": 0.0,
    "ATE/Project_2/generated_70_.log": 0.0,
    "ATE/Project_2/generated_73_.log": 0.0,
    "ATE/Project_2/generated_74_.log": 0.0,
    "ATE/Project_2/generated_75_.log": 0.0,
    "ATE/Project_2/generated_76_.log": 0.0,
    "ATE/Project_2/generated_77_.log": 0.0,
    "ATE/Project_2/generated_80_.log": 0.0,
    "ATE/Project_2/generated_81_.log": 0.0,
    "ATE/Project_2/generated_85_.log": 0.0,
    "ATE/Project_2/generated_87_.log": 0.0,
    "ATE/Project_2/generated_88_.log": 0.0,
    "ATE/Project_2/generated_89_.log": 0.0,
    "ATE/Project_2/generated_90_.log": 0.0,
    "ATE/Project_2/generated_98_.log": 0.0,
    "ATE/Project_2/generated_99_.log": 0.0,
    "ATE/Project_2/generated_102_.log": 0.0,
    "ATE/Project_2/generated_104_.log": 0.0,
    "ATE/Project_2/generated_105_.log": 0.0,
    "ATE/Project_2/generated_106_.log": 0.0,
    "ATE/Project_2/generated_107_.log": 0.0,
    "ATE/Project_2/generated_112_.log": 0.0,
    "ATE/Project_2/generated_115_.log": 0.0,
    "ATE/Project_2/generated_119_.log": 0.0
  }
}